FURN_5555,A,1
FURN_5555,A,2
FURN_5555,A,3
FURN_5555,A,4
FURN_5555,A,5
FURN_5555,A,6
FURN_5555,A,7
FURN_5555,A,8
FURN_5555,A,9
FURN_5555,A,10
FURN_5555,A,11
FURN_5555,A,12
FURN_5555,A,13
FURN_5555,A,14
FURN_5555,A,15
FURN_5555,A,16
FURN_5555,A,17
FURN_5555,A,18
FURN_5555,A,19
FURN_5555,A,20
FURN_5555,A,21
FURN_5555,A,22
FURN_5555,A,23
FURN_5555,A,24
FURN_5555,A,25
FURN_5555,A,26
FURN_5555,A,27
FURN_5555,A,28
FURN_5555,A,29
FURN_5555,A,30
FURN_5555,A,31
FURN_5555,A,32
FURN_5555,A,33
FURN_5555,A,34
FURN_5555,A,35
FURN_5555,A,36
FURN_5555,A,37
FURN_5555,A,38
FURN_5555,A,39
FURN_5555,A,40
FURN_5555,A,41
FURN_5555,A,42
FURN_5555,A,43
FURN_5555,A,44
FURN_5555,A,45
FURN_5555,A,46
FURN_5555,A,47
FURN_5555,A,48
FURN_5555,A,49
FURN_5555,A,50
FURN_5555,A,51
FURN_5555,A,52
FURN_5555,A,53
FURN_5555,A,54
FURN_5555,A,55
FURN_5555,A,56
FURN_5555,A,57
FURN_5555,A,58
FURN_5555,A,59
FURN_5555,A,60
FURN_5555,A,61
FURN_5555,A,62
FURN_5555,A,63
FURN_5555,A,64
FURN_5555,A,65
FURN_5555,A,66
FURN_5555,A,67
FURN_5555,A,68
FURN_5555,A,69
FURN_5555,A,70
FURN_5555,A,71
FURN_5555,A,72
FURN_5555,A,73
FURN_5555,A,74
FURN_5555,A,75
FURN_5555,A,76
FURN_5555,A,77
FURN_5555,A,78
FURN_5555,A,79
FURN_5555,A,80
FURN_5555,A,81
FURN_5555,A,82
FURN_5555,A,83
FURN_5555,A,84
FURN_5555,A,85
FURN_5555,A,86
FURN_5555,A,87
FURN_5555,A,88
FURN_5555,A,89
FURN_5555,A,90
FURN_5555,A,91
FURN_5555,A,92
FURN_5555,A,93
FURN_5555,A,94
FURN_5555,A,95
FURN_5555,A,96
FURN_5555,A,97
FURN_5555,A,98
FURN_5555,A,99
FURN_5555,A,100
FURN_5555,A,101
FURN_5555,A,102
FURN_5555,A,103
FURN_5555,A,104
FURN_5555,A,105
FURN_5555,A,106
FURN_5555,A,107
FURN_5555,A,108
FURN_5555,A,109
FURN_5555,A,110
FURN_5555,A,111
FURN_5555,A,112
FURN_5555,A,113
FURN_5555,A,114
FURN_5555,A,115
FURN_5555,A,116
FURN_5555,A,117
FURN_5555,A,118
FURN_5555,A,119
FURN_5555,A,120
FURN_5555,A,121
FURN_5555,A,122
FURN_5555,A,123
FURN_5555,A,124
FURN_5555,A,125
FURN_5555,A,126
FURN_5555,A,127
FURN_5555,A,128
FURN_5555,A,129
FURN_5555,A,130
FURN_5555,A,131
FURN_5555,A,132
FURN_5555,A,133
FURN_5555,A,134
FURN_5555,A,135
FURN_5555,A,136
FURN_5555,A,137
FURN_5555,A,138
FURN_5555,A,139
FURN_5555,A,140
FURN_5555,A,141
FURN_5555,A,142
FURN_5555,A,143
FURN_5555,A,144
FURN_5555,A,145
FURN_5555,A,146
FURN_5555,A,147
FURN_5555,A,148
FURN_5555,A,149
FURN_5555,A,150
FURN_5555,A,151
FURN_5555,A,152
FURN_5555,A,153
FURN_5555,A,154
FURN_5555,A,155
FURN_5555,A,156
FURN_5555,A,157
FURN_5555,A,158
FURN_5555,A,159
FURN_5555,A,160
FURN_5555,A,161
FURN_5555,A,162
FURN_5555,A,163
FURN_5555,A,164
FURN_5555,A,165
FURN_5555,A,166
FURN_5555,A,167
FURN_5555,A,168
FURN_5555,A,169
FURN_5555,A,170
FURN_5555,A,171
FURN_5555,A,172
FURN_5555,A,173
FURN_5555,A,174
FURN_5555,A,175
FURN_5555,A,176
FURN_5555,A,177
FURN_5555,A,178
FURN_5555,A,179
FURN_5555,A,180
FURN_5555,A,181
FURN_5555,A,182
FURN_5555,A,183
FURN_5555,A,184
FURN_5555,A,185
FURN_5555,A,186
FURN_5555,A,187
FURN_5555,A,188
FURN_5555,A,189
FURN_5555,A,190
FURN_5555,A,191
FURN_5555,A,192
FURN_5555,A,193
FURN_5555,A,194
FURN_5555,A,195
FURN_5555,A,196
FURN_5555,A,197
FURN_5555,A,198
FURN_5555,A,199
FURN_5555,A,200
FURN_5555,A,201
FURN_5555,A,202
FURN_5555,A,203
FURN_5555,A,204
FURN_5555,A,205
FURN_5555,A,206
FURN_5555,A,207
FURN_5555,A,208
FURN_5555,A,209
FURN_5555,A,210
FURN_5555,A,211
FURN_5555,A,212
FURN_5555,A,213
FURN_5555,A,214
FURN_5555,A,215
FURN_5555,A,216
FURN_5555,A,217
FURN_5555,A,218
FURN_5555,A,219
FURN_5555,A,220
FURN_5555,A,221
FURN_5555,A,222
FURN_5555,A,223
FURN_5555,A,224
FURN_5555,A,225
FURN_5555,A,226
FURN_5555,A,227
FURN_5555,A,228
FURN_5555,A,229
FURN_5555,A,230
FURN_5555,A,231
FURN_5555,A,232
FURN_5555,A,233
FURN_5555,A,234
FURN_5555,A,235
FURN_5555,A,236
FURN_5555,A,237
FURN_5555,A,238
FURN_5555,A,239
FURN_5555,A,240
FURN_5555,A,241
FURN_5555,A,242
FURN_5555,A,243
FURN_5555,A,244
FURN_5555,A,245
FURN_5555,A,246
FURN_5555,A,247
FURN_5555,A,248
FURN_5555,A,249
FURN_5555,A,250
FURN_5555,A,251
FURN_5555,A,252
FURN_5555,A,253
FURN_5555,A,254
FURN_5555,A,255
FURN_5555,A,256
FURN_5555,A,257
FURN_5555,A,258
FURN_5555,A,259
FURN_5555,A,260
FURN_5555,A,261
FURN_5555,A,262
FURN_5555,A,263
FURN_5555,A,264
FURN_5555,A,265
FURN_5555,A,266
FURN_5555,A,267
FURN_5555,A,268
FURN_5555,A,269
FURN_5555,A,270
FURN_5555,A,271
FURN_5555,A,272
FURN_5555,A,273
FURN_5555,A,274
FURN_5555,A,275
FURN_5555,A,276
FURN_5555,A,277
FURN_5555,A,278
FURN_5555,A,279
FURN_5555,A,280
FURN_5555,A,281
FURN_5555,A,282
FURN_5555,A,283
FURN_5555,A,284
FURN_5555,A,285
FURN_5555,A,286
FURN_5555,A,287
FURN_5555,A,288
FURN_5555,A,289
FURN_5555,A,290
FURN_5555,A,291
FURN_5555,A,292
FURN_5555,A,293
FURN_5555,A,294
FURN_5555,A,295
FURN_5555,A,296
FURN_5555,A,297
FURN_5555,A,298
FURN_5555,A,299
FURN_5555,A,300
FURN_5555,A,301
FURN_5555,A,302
FURN_5555,A,303
FURN_5555,A,304
FURN_5555,A,305
FURN_5555,A,306
FURN_5555,A,307
FURN_5555,A,308
FURN_5555,A,309
FURN_5555,A,310
FURN_5555,A,311
FURN_5555,A,312
FURN_5555,A,313
FURN_5555,A,314
FURN_5555,A,315
FURN_5555,A,316
FURN_5555,A,317
FURN_5555,A,318
FURN_5555,A,319
FURN_5555,A,320
FURN_5555,A,321
FURN_5555,A,322
FURN_5555,A,323
FURN_5555,A,324
FURN_5555,A,325
FURN_5555,A,326
FURN_5555,A,327
FURN_5555,A,328
FURN_5555,A,329
FURN_5555,A,330
FURN_5555,A,331
FURN_5555,A,332
FURN_5555,A,333
FURN_5555,A,334
FURN_5555,A,335
FURN_5555,A,336
FURN_5555,A,337
FURN_5555,A,338
FURN_5555,A,339
FURN_5555,A,340
FURN_5555,A,341
FURN_5555,A,342
FURN_5555,A,343
FURN_5555,A,344
FURN_5555,A,345
FURN_5555,A,346
FURN_5555,A,347
FURN_5555,A,348
FURN_5555,A,349
FURN_5555,A,350
FURN_5555,A,351
FURN_5555,A,352
FURN_5555,A,353
FURN_5555,A,354
FURN_5555,A,355
FURN_5555,A,356
FURN_5555,A,357
FURN_5555,A,358
FURN_5555,A,359
FURN_5555,A,360
FURN_5555,A,361
FURN_5555,A,362
FURN_5555,A,363
FURN_5555,A,364
FURN_5555,A,365
FURN_5555,A,366
FURN_5555,A,367
FURN_5555,A,368
FURN_5555,A,369
FURN_5555,A,370
FURN_5555,A,371
FURN_5555,A,372
FURN_5555,A,373
FURN_5555,A,374
FURN_5555,A,375
FURN_5555,A,376
FURN_5555,A,377
FURN_5555,A,378
FURN_5555,A,379
FURN_5555,A,380
FURN_5555,A,381
FURN_5555,A,382
FURN_5555,A,383
FURN_5555,A,384
FURN_5555,A,385
FURN_5555,A,386
FURN_5555,A,387
FURN_5555,A,388
FURN_5555,A,389
FURN_5555,A,390
FURN_5555,A,391
FURN_5555,A,392
FURN_5555,A,393
FURN_5555,A,394
FURN_5555,A,395
FURN_5555,A,396
FURN_5555,A,397
FURN_5555,A,398
FURN_5555,A,399
FURN_5555,A,400
FURN_5555,A,401
FURN_5555,A,402
FURN_5555,A,403
FURN_5555,A,404
FURN_5555,A,405
FURN_5555,A,406
FURN_5555,A,407
FURN_5555,A,408
FURN_5555,A,409
FURN_5555,A,410
FURN_5555,A,411
FURN_5555,A,412
FURN_5555,A,413
FURN_5555,A,414
FURN_5555,A,415
FURN_5555,A,416
FURN_5555,A,417
FURN_5555,A,418
FURN_5555,A,419
FURN_5555,A,420
FURN_5555,A,421
FURN_5555,A,422
FURN_5555,A,423
FURN_5555,A,424
FURN_5555,A,425
FURN_5555,A,426
FURN_5555,A,427
FURN_5555,A,428
FURN_5555,A,429
FURN_5555,A,430
FURN_5555,A,431
FURN_5555,A,432
FURN_5555,A,433
FURN_5555,A,434
FURN_5555,A,435
FURN_5555,A,436
FURN_5555,A,437
FURN_5555,A,438
FURN_5555,A,439
FURN_5555,A,440
FURN_5555,A,441
FURN_5555,A,442
FURN_5555,A,443
FURN_5555,A,444
FURN_5555,A,445
FURN_5555,A,446
FURN_5555,A,447
FURN_5555,A,448
FURN_5555,A,449
FURN_5555,A,450
FURN_5555,A,451
FURN_5555,A,452
FURN_5555,A,453
FURN_5555,A,454
FURN_5555,A,455
FURN_5555,A,456
FURN_5555,A,457
FURN_5555,A,458
FURN_5555,A,459
FURN_5555,A,460
FURN_5555,A,461
FURN_5555,A,462
FURN_5555,A,463
FURN_5555,A,464
FURN_5555,A,465
FURN_5555,A,466
FURN_5555,A,467
FURN_5555,A,468
FURN_5555,A,469
FURN_5555,A,470
FURN_5555,A,471
FURN_5555,A,472
FURN_5555,A,473
FURN_5555,A,474
FURN_5555,A,475
FURN_5555,A,476
FURN_5555,A,477
FURN_5555,A,478
FURN_5555,A,479
FURN_5555,A,480
FURN_5555,A,481
FURN_5555,A,482
FURN_5555,A,483
FURN_5555,A,484
FURN_5555,A,485
FURN_5555,A,486
FURN_5555,A,487
FURN_5555,A,488
FURN_5555,A,489
FURN_5555,A,490
FURN_5555,A,491
FURN_5555,A,492
FURN_5555,A,493
FURN_5555,A,494
FURN_5555,A,495
FURN_5555,A,496
FURN_5555,A,497
FURN_5555,A,498
FURN_5555,A,499
FURN_5555,A,500
FURN_5555,A,501
FURN_5555,A,502
FURN_5555,A,503
FURN_5555,A,504
FURN_5555,A,505
FURN_5555,A,506
FURN_5555,A,507
FURN_5555,A,508
FURN_5555,A,509
FURN_5555,A,510
FURN_5555,A,511
FURN_5555,A,512
FURN_5555,A,513
FURN_5555,A,514
FURN_5555,A,515
FURN_5555,A,516
FURN_5555,A,517
FURN_5555,A,518
FURN_5555,A,519
FURN_5555,A,520
FURN_5555,A,521
FURN_5555,A,522
FURN_5555,A,523
FURN_5555,A,524
FURN_5555,A,525
FURN_5555,A,526
FURN_5555,A,527
FURN_5555,A,528
FURN_5555,A,529
FURN_5555,A,530
FURN_5555,A,531
FURN_5555,A,532
FURN_5555,A,533
FURN_5555,A,534
FURN_5555,A,535
FURN_5555,A,536
FURN_5555,A,537
FURN_5555,A,538
FURN_5555,A,539
FURN_5555,A,540
FURN_5555,A,541
FURN_5555,A,542
FURN_5555,A,543
FURN_5555,A,544
FURN_5555,A,545
FURN_5555,A,546
FURN_5555,A,547
FURN_5555,A,548
FURN_5555,A,549
FURN_5555,A,550
FURN_5555,A,551
FURN_5555,A,552
FURN_5555,A,553
FURN_5555,A,554
FURN_5555,A,555
FURN_5555,A,556
FURN_5555,A,557
FURN_5555,A,558
FURN_5555,A,559
FURN_5555,A,560
FURN_5555,A,561
FURN_5555,A,562
FURN_5555,A,563
FURN_5555,A,564
FURN_5555,A,565
FURN_5555,A,566
FURN_5555,A,567
FURN_5555,A,568
FURN_5555,A,569
FURN_5555,A,570
FURN_5555,A,571
FURN_5555,A,572
FURN_5555,A,573
FURN_5555,A,574
FURN_5555,A,575
FURN_5555,A,576
FURN_5555,A,577
FURN_5555,A,578
FURN_5555,A,579
FURN_5555,A,580
FURN_5555,A,581
FURN_5555,A,582
FURN_5555,A,583
FURN_5555,A,584
FURN_5555,A,585
FURN_5555,A,586
FURN_5555,A,587
FURN_5555,A,588
FURN_5555,A,589
FURN_5555,A,590
FURN_5555,A,591
FURN_5555,A,592
FURN_5555,A,593
FURN_5555,A,594
FURN_5555,A,595
FURN_5555,A,596
FURN_5555,A,597
FURN_5555,A,598
FURN_5555,A,599
FURN_5555,A,600
FURN_5555,A,601
FURN_5555,A,602
FURN_5555,A,603
FURN_5555,A,604
FURN_5555,A,605
FURN_5555,A,606
FURN_5555,A,607
FURN_5555,A,608
FURN_5555,A,609
FURN_5555,A,610
FURN_5555,A,611
FURN_5555,A,612
FURN_5555,A,613
FURN_5555,A,614
FURN_5555,A,615
FURN_5555,A,616
FURN_5555,A,617
FURN_5555,A,618
FURN_5555,A,619
FURN_5555,A,620
FURN_5555,A,621
FURN_5555,A,622
FURN_5555,A,623
FURN_5555,A,624
FURN_5555,A,625
FURN_5555,A,626
FURN_5555,A,627
FURN_5555,A,628
FURN_5555,A,629
FURN_5555,A,630
FURN_5555,A,631
FURN_5555,A,632
FURN_5555,A,633
FURN_5555,A,634
FURN_5555,A,635
FURN_5555,A,636
FURN_5555,A,637
FURN_5555,A,638
FURN_5555,A,639
FURN_5555,A,640
FURN_5555,A,641
FURN_5555,A,642
FURN_5555,A,643
FURN_5555,A,644
FURN_5555,A,645
FURN_5555,A,646
FURN_5555,A,647
FURN_5555,A,648
FURN_5555,A,649
FURN_5555,A,650
FURN_5555,A,651
FURN_5555,A,652
FURN_5555,A,653
FURN_5555,A,654
FURN_5555,A,655
FURN_5555,A,656
FURN_5555,A,657
FURN_5555,A,658
FURN_5555,A,659
FURN_5555,A,660
FURN_5555,A,661
FURN_5555,A,662
FURN_5555,A,663
FURN_5555,A,664
FURN_5555,A,665
FURN_5555,A,666
FURN_5555,A,667
FURN_5555,A,668
FURN_5555,A,669
FURN_5555,A,670
FURN_5555,A,671
FURN_5555,A,672
FURN_5555,A,673
FURN_5555,A,674
FURN_5555,A,675
FURN_5555,A,676
FURN_5555,A,677
FURN_5555,A,678
FURN_5555,A,679
FURN_5555,A,680
FURN_5555,A,681
FURN_5555,A,682
FURN_5555,A,683
FURN_5555,A,684
FURN_5555,A,685
FURN_5555,A,686
FURN_5555,A,687
FURN_5555,A,688
FURN_5555,A,689
FURN_5555,A,690
FURN_5555,A,691
FURN_5555,A,692
FURN_5555,A,693
FURN_5555,A,694
FURN_5555,A,695
FURN_5555,A,696
FURN_5555,A,697
FURN_5555,A,698
FURN_5555,A,699
FURN_5555,A,700
FURN_5555,A,701
FURN_5555,A,702
FURN_5555,A,703
FURN_5555,A,704
FURN_5555,A,705
FURN_5555,A,706
FURN_5555,A,707
FURN_5555,A,708
FURN_5555,A,709
FURN_5555,A,710
FURN_5555,A,711
FURN_5555,A,712
FURN_5555,A,713
FURN_5555,A,714
FURN_5555,A,715
FURN_5555,A,716
FURN_5555,A,717
FURN_5555,A,718
FURN_5555,A,719
FURN_5555,A,720
FURN_5555,A,721
FURN_5555,A,722
FURN_5555,A,723
FURN_5555,A,724
FURN_5555,A,725
FURN_5555,A,726
FURN_5555,A,727
FURN_5555,A,728
FURN_5555,A,729
FURN_5555,A,730
FURN_5555,A,731
FURN_5555,A,732
FURN_5555,A,733
FURN_5555,A,734
FURN_5555,A,735
FURN_5555,A,736
FURN_5555,A,737
FURN_5555,A,738
FURN_5555,A,739
FURN_5555,A,740
FURN_5555,A,741
FURN_5555,A,742
FURN_5555,A,743
FURN_5555,A,744
FURN_5555,A,745
FURN_5555,A,746
FURN_5555,A,747
FURN_5555,A,748
FURN_5555,A,749
FURN_5555,A,750
FURN_5555,A,751
FURN_5555,A,752
FURN_5555,A,753
FURN_5555,A,754
FURN_5555,A,755
FURN_5555,A,756
FURN_5555,A,757
FURN_5555,A,758
FURN_5555,A,759
FURN_5555,A,760
FURN_5555,A,761
FURN_5555,A,762
FURN_5555,A,763
FURN_5555,A,764
FURN_5555,A,765
FURN_5555,A,766
FURN_5555,A,767
FURN_5555,A,768
FURN_5555,A,769
FURN_5555,A,770
FURN_5555,A,771
FURN_5555,A,772
FURN_5555,A,773
FURN_5555,A,774
FURN_5555,A,775
FURN_5555,A,776
FURN_5555,A,777
FURN_5555,A,778
FURN_5555,A,779
FURN_5555,A,780
FURN_5555,A,781
FURN_5555,A,782
FURN_5555,A,783
FURN_5555,A,784
FURN_5555,A,785
FURN_5555,A,786
FURN_5555,A,787
FURN_5555,A,788
FURN_5555,A,789
FURN_5555,A,790
FURN_5555,A,791
FURN_5555,A,792
FURN_5555,A,793
FURN_5555,A,794
FURN_5555,A,795
FURN_5555,A,796
FURN_5555,A,797
FURN_5555,A,798
FURN_5555,A,799
FURN_5555,A,800
FURN_5555,A,801
FURN_5555,A,802
FURN_5555,A,803
FURN_5555,A,804
FURN_5555,A,805
FURN_5555,A,806
FURN_5555,A,807
FURN_5555,A,808
FURN_5555,A,809
FURN_5555,A,810
FURN_5555,A,811
FURN_5555,A,812
FURN_5555,A,813
FURN_5555,A,814
FURN_5555,A,815
FURN_5555,A,816
FURN_5555,A,817
FURN_5555,A,818
FURN_5555,A,819
FURN_5555,A,820
FURN_5555,A,821
FURN_5555,A,822
FURN_5555,A,823
FURN_5555,A,824
FURN_5555,A,825
FURN_5555,A,826
FURN_5555,A,827
FURN_5555,A,828
FURN_5555,A,829
FURN_5555,A,830
FURN_5555,A,831
FURN_5555,A,832
FURN_5555,A,833
FURN_5555,A,834
FURN_5555,A,835
FURN_5555,A,836
FURN_5555,A,837
FURN_5555,A,838
FURN_5555,A,839
FURN_5555,A,840
FURN_5555,A,841
FURN_5555,A,842
FURN_5555,A,843
FURN_5555,A,844
FURN_5555,A,845
FURN_5555,A,846
FURN_5555,A,847
FURN_5555,A,848
FURN_5555,A,849
FURN_5555,A,850
FURN_5555,A,851
FURN_5555,A,852
FURN_5555,A,853
FURN_5555,A,854
FURN_5555,A,855
FURN_5555,A,856
FURN_5555,A,857
FURN_5555,A,858
FURN_5555,A,859
FURN_5555,A,860
FURN_5555,A,861
FURN_5555,A,862
FURN_5555,A,863
FURN_5555,A,864
FURN_5555,A,865
FURN_5555,A,866
FURN_5555,A,867
FURN_5555,A,868
FURN_5555,A,869
FURN_5555,A,870
FURN_5555,A,871
FURN_5555,A,872
FURN_5555,A,873
FURN_5555,A,874
FURN_5555,A,875
FURN_5555,A,876
FURN_5555,A,877
FURN_5555,A,878
FURN_5555,A,879
FURN_5555,A,880
FURN_5555,A,881
FURN_5555,A,882
FURN_5555,A,883
FURN_5555,A,884
FURN_5555,A,885
FURN_5555,A,886
FURN_5555,A,887
FURN_5555,A,888
FURN_5555,A,889
FURN_5555,A,890
FURN_5555,A,891
FURN_5555,A,892
FURN_5555,A,893
FURN_5555,A,894
FURN_5555,A,895
FURN_5555,A,896
FURN_5555,A,897
FURN_5555,A,898
FURN_5555,A,899
FURN_5555,A,900
FURN_5555,A,901
FURN_5555,A,902
FURN_5555,A,903
FURN_5555,A,904
FURN_5555,A,905
FURN_5555,A,906
FURN_5555,A,907
FURN_5555,A,908
FURN_5555,A,909
FURN_5555,A,910
FURN_5555,A,911
FURN_5555,A,912
FURN_5555,A,913
FURN_5555,A,914
FURN_5555,A,915
FURN_5555,A,916
FURN_5555,A,917
FURN_5555,A,918
FURN_5555,A,919
FURN_5555,A,920
FURN_5555,A,921
FURN_5555,A,922
FURN_5555,A,923
FURN_5555,A,924
FURN_5555,A,925
FURN_5555,A,926
FURN_5555,A,927
FURN_5555,A,928
FURN_5555,A,929
FURN_5555,A,930
FURN_5555,A,931
FURN_5555,A,932
FURN_5555,A,933
FURN_5555,A,934
FURN_5555,A,935
FURN_5555,A,936
FURN_5555,A,937
FURN_5555,A,938
FURN_5555,A,939
FURN_5555,A,940
FURN_5555,A,941
FURN_5555,A,942
FURN_5555,A,943
FURN_5555,A,944
FURN_5555,A,945
FURN_5555,A,946
FURN_5555,A,947
FURN_5555,A,948
FURN_5555,A,949
FURN_5555,A,950
FURN_5555,A,951
FURN_5555,A,952
FURN_5555,A,953
FURN_5555,A,954
FURN_5555,A,955
FURN_5555,A,956
FURN_5555,A,957
FURN_5555,A,958
FURN_5555,A,959
FURN_5555,A,960
FURN_5555,A,961
FURN_5555,A,962
FURN_5555,A,963
FURN_5555,A,964
FURN_5555,A,965
FURN_5555,A,966
FURN_5555,A,967
FURN_5555,A,968
FURN_5555,A,969
FURN_5555,A,970
FURN_5555,A,971
FURN_5555,A,972
FURN_5555,A,973
FURN_5555,A,974
FURN_5555,A,975
FURN_5555,A,976
FURN_5555,A,977
FURN_5555,A,978
FURN_5555,A,979
FURN_5555,A,980
FURN_5555,A,981
FURN_5555,A,982
FURN_5555,A,983
FURN_5555,A,984
FURN_5555,A,985
FURN_5555,A,986
FURN_5555,A,987
FURN_5555,A,988
FURN_5555,A,989
FURN_5555,A,990
FURN_5555,A,991
FURN_5555,A,992
FURN_5555,A,993
FURN_5555,A,994
FURN_5555,A,995
FURN_5555,A,996
FURN_5555,A,997
FURN_5555,A,998
FURN_5555,A,999
FURN_5555,A,1000
